x1;x2;y
0.794206276487;3.76177605453;1.0
-0.744510927697;2.65672698549;1.0
-1.44745629133;-0.185849751922;1.0
3.13292689705;1.17929494439;-1.0
3.94793738289;-1.85102115499;1.0
2.18901456393;-3.90488153139;-1.0
0.0735236574051;1.64310752728;1.0
-1.53652731865;-3.75149690277;-1.0
-0.678493087802;-3.12717776632;1.0
-1.53562804279;1.5216335497;1.0
-0.848023706514;-0.0516103145607;-1.0
-1.83849849119;2.38319098216;-1.0
-2.81217257994;2.17203273515;1.0
1.69394474251;-3.08908050896;1.0
-2.8093822699;0.763330162886;1.0
3.20349284633;3.56066805175;-1.0
-1.63113283223;3.32582976619;1.0
0.249716079778;-1.09083886101;-1.0
1.24004762253;-2.81926731477;-1.0
-3.2798228993;2.67495961169;-1.0
-1.80612679919;-3.17310642677;-1.0
0.408554400347;0.393405565233;-1.0
2.37147803175;3.74676791404;1.0
0.213048010208;3.51467390548;1.0
-1.36975739278;-1.44386146083;-1.0
-3.82287484085;-1.96088579723;-1.0
-3.43902548595;0.340861148967;-1.0
-0.761226301145;2.43940147494;1.0
0.014891335195;-3.58061342899;-1.0
-0.344701568169;-0.940134647642;-1.0
1.91056115464;2.48682233207;1.0
-1.97467095029;2.51327431526;-1.0
1.39328443297;1.24860070642;-1.0
1.92983528406;-3.68899116335;1.0
1.8533162962;0.991975787202;1.0
1.79258250761;0.254026857656;1.0
-0.095573385472;-1.68587638985;1.0
3.63328018171;-2.45291341417;-1.0
-0.800588937363;0.831192248918;1.0
2.49417851738;2.7190269439;-1.0
-0.826231508589;-2.01258353081;1.0
2.18714914943;-0.613903891621;1.0
-2.25964915147;-1.95868834792;1.0
2.08511744847;0.177201729834;-1.0
2.37853315723;2.00592213946;1.0
0.217061741163;-1.73242932149;-1.0
-1.53138200371;1.60134042979;1.0
2.88235952552;1.09873973433;1.0
2.49463731093;3.42408799135;1.0
-3.24163449498;3.1437147058;1.0
-3.79556372428;-0.261461165403;1.0
3.2570214091;0.856319380866;1.0
-0.00959822883428;-1.72933758865;1.0
3.76970798679;0.0315115629794;1.0
-0.609902535323;-0.71578433999;-1.0
2.19066549791;1.30552983312;1.0
-1.4028592036;-3.60831324844;-1.0
1.16126122538;-0.857181018296;-1.0
-2.62601710803;1.40829099285;-1.0
0.0601555275138;-3.65893359492;-1.0
2.07936235266;2.66090320556;-1.0
-0.49699094415;-2.71799852056;-1.0
-3.56198907604;1.1798594479;1.0
-3.22247983001;-1.03440703081;-1.0
1.48098913436;2.45496254048;1.0
-1.14916168249;-3.81331040262;-1.0
-2.38195296933;-1.18566917025;1.0
-0.651381210227;-1.46117290523;1.0
-1.09178047734;-3.55502304797;-1.0
0.905768169104;3.33746901951;1.0
-1.09464844348;-0.680176232895;1.0
0.812779904008;1.53139146309;1.0
-1.82602933527;-2.7633199813;1.0
-2.56552812324;-0.322375613066;-1.0
1.78729488476;-0.957685420206;-1.0
1.67418283115;2.97590055123;1.0
-1.44756150478;2.6250830736;-1.0
0.631742407715;-1.21376653451;-1.0
-2.32674343224;-0.85572629029;-1.0
-1.20051544919;-3.92800252124;-1.0
-1.77136411877;1.90277216252;1.0
3.50123349021;-0.111370125025;-1.0
-1.8308074388;-0.133257175938;1.0
-1.1411352498;-3.41886479419;-1.0
-0.928395142076;0.412861785889;1.0
1.33168687357;2.74140911865;1.0
0.176999991994;-3.70037020832;-1.0
0.599393211668;0.808095512403;-1.0
1.45594970298;1.19183335478;-1.0
0.111912364905;-1.50098685105;-1.0
0.221859095363;1.19356697014;1.0
0.234463383464;2.3019991139;-1.0
0.515275582466;0.655341294663;-1.0
-0.720903611738;2.3726663929;1.0
-3.62545148145;0.997143520566;-1.0
-1.63133119023;-3.56617619504;-1.0
-3.37519513875;-2.03798055956;1.0
0.836863300692;-3.18786319656;-1.0
-1.2608622613;2.55308026461;-1.0
-3.25885465068;-0.10643673584;1.0
3.75807711339;-1.67696693308;1.0
0.563003104584;0.64928026666;-1.0
1.16687967619;2.68579920245;1.0
-3.28060430115;-0.222093645274;1.0
-3.01576122471;2.6433494731;-1.0
-1.04223342064;-2.09476529429;1.0
1.76636732472;-2.17736561155;-1.0
-3.70874645258;1.68512124587;1.0
2.39867087212;-3.26295011331;-1.0
-3.45716706086;3.46367172054;1.0
-3.17563761888;3.35060047991;1.0
2.33566626048;-0.815702501653;1.0
-1.94164523564;-3.81408694469;-1.0
3.39153284398;4.01495577947;-1.0
2.14766214667;-3.99666169401;-1.0
2.24644648205;-0.590474279434;1.0
2.7177391841;-2.5337639643;1.0
-2.75984221186;1.39134461113;-1.0
-0.549130079579;1.05487919518;-1.0
-1.9203907399;-1.29398432408;-1.0
-1.38912919755;-0.0792011614902;1.0
-0.166571525406;-0.652626020402;-1.0
2.88523481685;-0.217440272465;1.0
2.25198420971;1.27759008139;1.0
-0.211166970787;1.60512907425;-1.0
-2.84785309226;2.68543801335;1.0
-0.784071094707;3.54679553127;-1.0
-1.4874111813;1.22336122418;1.0
2.65688127825;1.07725593543;1.0
3.7431748275;1.84079037841;-1.0
3.0752723758;3.87988365392;-1.0
3.53910155405;-2.62108180598;-1.0
3.55162163877;3.56736190995;-1.0
-0.508090854552;-2.12840659736;-1.0
0.730962231278;-1.77788199381;-1.0
-1.95542809175;-0.6584844703;1.0
2.7908289408;2.93198177992;-1.0
-3.69605163174;-0.417371575897;1.0
2.96594005526;-2.75728176846;1.0
0.519952701812;-2.21273569285;1.0
-1.22394717239;1.44251752376;1.0
-2.52718876633;-0.788251270622;-1.0
-2.78937641353;-3.76731044864;1.0
3.25491498736;3.97472100208;-1.0
3.81678779127;0.8892777238;1.0
-0.870111548178;3.4787819688;-1.0
-0.280279705046;-0.405728787631;-1.0
-0.656526585091;-3.63103262354;1.0
-1.35754509735;1.04064455502;1.0
-1.00615906945;1.39135437251;1.0
1.44535646812;1.20267612148;-1.0
-2.30737329897;-0.275534982492;-1.0
2.45969823129;3.09253352295;1.0
-0.56536898297;2.44462610206;1.0
-0.0888560512022;-3.85376583496;1.0
-3.98539598705;-2.25712004345;1.0
2.84271303992;-2.34214315228;1.0
2.94056989683;3.78858774649;1.0
3.72734377461;-0.935095840916;-1.0
0.517453932245;-1.97549386602;-1.0
3.90996815567;1.40609664903;-1.0
-3.71707839407;3.57169285193;1.0
-0.391776343404;2.6901255174;1.0
1.4161522855;-0.446995954058;-1.0
-2.37681487821;-3.03571021092;1.0
-3.10353546304;2.70409573393;-1.0
-0.943540940639;-0.366797806461;-1.0
0.982578147303;2.90966926717;-1.0
0.824231550912;3.15684167486;1.0
0.645363738356;0.222396634924;-1.0
3.03790133654;1.11774007703;-1.0
-3.40101817504;2.0475826321;-1.0
2.71648237435;-1.51362595831;-1.0
2.04926828579;3.40622480558;1.0
0.23951820933;0.76019231856;-1.0
-2.69914567207;0.366244988136;1.0
-1.35540022093;-1.04574043452;-1.0
-0.452375560709;3.62011948177;-1.0
2.98387827749;-3.17276256256;-1.0
1.61295647438;-3.3413019287;1.0
0.0319906774533;3.91380309153;1.0
3.71575281299;-1.39647472252;1.0
3.09507052123;-2.97202165989;-1.0
-1.41613695404;1.20325316459;1.0
1.08156117647;3.04827878824;-1.0
-0.803247393361;-1.39181906619;1.0
0.214268082577;-0.663331940321;1.0
-1.08097167038;2.59069432062;-1.0
-2.57259112253;3.15906123122;-1.0
2.78166691667;1.39125769015;1.0
-2.64783770053;3.79730892125;-1.0
2.8223057005;0.470073221654;-1.0
2.95479416171;-1.08302892219;-1.0
2.30380633471;1.81132847879;1.0
2.09303233206;3.72251940554;1.0
-0.178659035687;-0.637893259532;-1.0
0.363929224852;-3.41767288887;-1.0
-0.524063138312;-2.48231315848;-1.0
1.00724131508;0.775667604512;-1.0
-0.60614688812;-0.456360465857;-1.0
2.78831921189;-1.98023230229;-1.0
0.121448927948;-1.34024659868;-1.0
0.225700318046;0.260826055018;-1.0
1.15548117331;-0.536271698937;-1.0
-1.30960736057;-1.05968362459;-1.0
-1.9578152459;-0.0629980471164;1.0
-0.064720679569;-0.577099341333;-1.0
3.71867763869;-0.95303645474;-1.0
2.38699118441;-2.83512381181;1.0
0.358986542822;0.975366359722;-1.0
2.26006466459;-0.749381622962;1.0
0.417372267224;0.241023539322;-1.0
2.24263186446;-2.20369341516;1.0
-0.324578588303;1.33379705594;-1.0
-1.34271720592;1.53448243311;1.0
3.27381738088;-0.658793949169;-1.0
1.4978892282;-2.58158365473;-1.0
-0.967648185083;0.979465869404;-1.0
0.431138365585;-2.1525887119;1.0
-1.8094560313;1.8850481508;1.0
-3.03344989618;-1.3933959431;-1.0
-0.762682227302;3.46849891435;-1.0
1.80775388167;2.13646116561;1.0
-0.846713700647;-2.53000454799;-1.0
-0.157702617976;-3.59794899214;1.0
-0.136517794101;0.379454415988;1.0
3.474981187;-3.20239755886;1.0
0.909706967531;1.29961001087;1.0
-2.32968457478;3.30062505473;-1.0
3.94405048779;2.80806651542;1.0
1.72409612729;-1.54537977025;1.0
-1.05380058583;3.58430085709;1.0
2.91363515518;3.20263439864;1.0
3.66639037692;2.26783242779;1.0
1.32720238561;-1.22085346038;1.0
-1.78292398603;0.451075550315;-1.0
0.897419985733;-0.848064139271;1.0
-1.60712922549;3.17709144309;1.0
-1.73911843303;0.52443999505;-1.0
3.87862192382;-1.02776840753;1.0
-3.94082292716;-2.38643823341;1.0
1.69570337196;0.586435625736;1.0
-1.42033530059;0.0268290241965;-1.0
-0.15272638009;0.300665943461;1.0
-2.81688685659;3.7621053741;-1.0
0.583382359547;2.16272434701;-1.0
0.24363492884;0.0606609343533;-1.0
1.17283683109;2.09936032461;1.0
-3.68169356577;-1.15095256188;-1.0
-1.26661439753;3.86102707059;1.0
2.45128922633;3.09791184422;1.0
-0.0217585205883;3.1163146057;1.0
-3.23272318864;-1.16970012195;-1.0
0.913472432336;2.46049975929;-1.0
0.139804534296;1.98535080912;-1.0
3.28080823521;2.29132775295;1.0
-0.489965852273;-1.25199330085;1.0
1.12326202198;1.83057737233;-1.0
1.42911861745;0.454948131184;1.0
-0.0735685893902;2.17667956052;1.0
3.8568357835;3.92194930518;-1.0
2.63980442154;-0.17264544247;1.0
1.71395690587;3.31705591358;-1.0
-2.54851330844;0.624875264023;1.0
-0.904952677729;0.280622494417;1.0
-1.84798386636;0.550624859575;-1.0
1.58375355642;2.52313395695;1.0
-3.67370885284;0.717463136332;-1.0
-1.27855026009;-2.88085390041;1.0
-1.97970317198;3.73256987886;-1.0
-2.1229070869;-0.0821317472621;-1.0
1.62169668211;-0.781381129504;-1.0
-3.36711424848;-2.91138994661;1.0
2.83278900187;1.26228528246;1.0
3.78416650256;-3.25155549146;1.0
-0.87860142147;1.83278902965;-1.0
-1.16467979698;1.80921814946;1.0
0.320427840074;-3.53120108218;-1.0
3.4992532616;-2.69396987132;-1.0
3.961566419;-2.56111280702;-1.0
1.03519780165;1.6994266307;-1.0
-1.18611139818;2.97341130826;1.0
2.56880010109;-2.95414941104;1.0
-1.24744323315;-2.86332129986;1.0
1.52113238514;0.549920183211;1.0
-3.33015996877;-0.793013144168;1.0
-2.87899660992;-2.60600626278;-1.0
-2.62609243829;-2.70448580439;-1.0
-0.594387918463;1.17411385261;-1.0
-1.88442039554;-0.588225543254;1.0
1.93233471143;-1.23992287654;1.0
2.09033518477;-1.27754494429;-1.0
-0.357091735444;-2.05745920236;-1.0
-1.14465480731;3.22031142872;1.0
0.433725190361;2.44480651837;-1.0
-2.24211359134;3.17983753578;-1.0
2.82247859428;-3.54908866434;-1.0
0.65980360844;3.44397265817;1.0
-2.41421080879;2.54221913923;1.0
0.981859228336;3.20570901314;-1.0
-0.0909828490789;-2.22854092302;-1.0
-0.755712157588;0.69229877172;1.0
3.15881199096;0.568900716036;1.0
2.77654649466;3.16798621422;1.0
2.12077911185;-2.24341339465;1.0
-1.6060476207;0.648388541147;-1.0
-3.36273961775;2.82715052817;-1.0
-0.149664786102;0.886795721131;1.0
-3.5718392593;0.885719975505;-1.0
0.709588839523;3.0282046096;1.0
2.4796277975;0.640402680764;-1.0
1.32139450321;-0.537486602886;-1.0
-3.26249169218;-3.42848049676;-1.0
3.24784558232;-2.80445621999;-1.0
-1.94319795811;0.85679884953;-1.0
2.18361311569;-2.1032354393;1.0
2.08055115764;-4.00478264643;-1.0
3.91810393099;-1.04886283894;1.0
-3.81396050079;-1.12279347702;-1.0
0.328280197228;3.56835565295;1.0
2.28271825579;-2.05351208257;1.0
-1.40328168086;-3.37620162492;-1.0
-1.06334957845;3.21104954244;1.0
-2.36929637137;-3.51424926239;1.0
-0.66279251824;1.42984159948;-1.0
3.85451080633;1.54810890905;-1.0
-0.29831771555;2.00265184959;1.0
1.55503451217;-0.774269933275;-1.0
-1.00340496499;-3.5696371906;-1.0
-2.58803644943;0.809194014176;1.0
-0.775413109434;3.70488679654;-1.0
1.09158553314;-0.151958823585;-1.0
1.85958491406;0.619494035055;1.0
0.145572507239;3.87588431594;1.0
2.18870484289;-1.44489837484;-1.0
-3.25804833763;0.861468482743;-1.0
-2.70109597267;-3.00739818958;-1.0
3.84874354787;2.62106642911;1.0
-1.57658947711;-2.85509341975;1.0
0.875344688691;-0.0662048759184;1.0
1.10286926155;-3.95333081969;1.0
-0.0620212027548;0.66290341372;1.0
1.30017982436;-3.91094324222;1.0
-1.80806027822;0.231449747144;-1.0
2.19850226102;-3.12879009694;-1.0
-1.18046495528;-2.14209476528;1.0
-3.96074973641;2.27761731849;-1.0
-1.57822087502;2.89207311013;-1.0
1.76445013547;-3.95497518498;1.0
3.10056230415;-2.67710614113;-1.0
-1.98988997764;0.602763968023;1.0
2.2461924112;1.7319161023;1.0
-2.02111977558;3.40311183217;1.0
-1.30803216062;2.25596611476;-1.0
-1.75787285329;3.72388377269;1.0
-2.00850430191;-1.46042939819;1.0
-1.34571215213;3.11371815455;1.0
-2.53644682339;-0.909827055071;-1.0
2.99548145042;-2.63862282749;-1.0
-0.172873349328;-1.4969911615;1.0
0.724226219103;-0.127450027973;1.0
1.17900266541;-1.78379408221;1.0
-1.98798457104;-1.8978091199;-1.0
3.45400660333;1.98808379602;-1.0
-3.05855772214;2.76660593614;-1.0
-0.6002616745;-3.12001042936;1.0
3.34304809611;-0.204417918791;-1.0
1.78667302947;-0.609388160541;-1.0
3.52066443141;-3.54250627505;1.0
-2.82096914134;-3.30787051109;1.0
3.27176598828;-1.19180951111;1.0
0.818670666238;1.4863622104;1.0
-0.949773637518;-1.68918813187;1.0
-0.981114648691;2.67745771606;1.0
3.75952588559;2.94265059492;1.0
4.00929057428;-0.217295981561;-1.0
1.86541590091;3.02035003934;-1.0
-1.46718321348;2.93270530912;-1.0
-3.68211293476;-1.18361353804;-1.0
-0.951238440739;-0.250431850281;-1.0
1.62643739418;4.01785348819;-1.0
-1.61247338368;-3.39172974981;-1.0
1.12563126542;0.334084001437;1.0
2.92602898151;1.96805421508;1.0
-0.478633656804;1.75385093191;-1.0
2.12565890728;-3.94559026495;-1.0
3.65959749082;-0.786563666801;-1.0
-1.94119746429;2.44018821702;-1.0
1.12136772738;2.60268784341;1.0
0.811888043429;0.493569542579;-1.0
0.369795841931;-1.83746511104;-1.0
-1.56638766853;0.0988521854057;-1.0
-3.22468236264;-1.91199522069;-1.0
1.25305725504;3.46732807072;-1.0
1.53915866835;1.89548976519;-1.0
-0.447459140873;-0.529194545527;-1.0
2.94951705477;1.27762404118;1.0
-2.15288629666;-1.72682245746;1.0
3.646286728;-2.02274186474;-1.0
-0.578478505265;3.14412912979;-1.0
0.0127416676537;-3.77220643122;-1.0
0.692192899177;1.50863461537;1.0
-1.94349380888;3.72848532558;1.0
0.64666357885;2.27549450212;-1.0
3.43098896651;1.39172593245;-1.0
3.37880168985;-3.34625791961;1.0
-1.98103132659;-3.34074874302;-1.0
-2.31165290341;-0.103737073823;-1.0
-0.241092842068;3.85588766422;-1.0
0.492732056835;3.37203976509;1.0
1.52604022592;-2.77116243668;-1.0
0.120068709411;-2.92306275324;1.0
1.00623602641;-3.91537989735;1.0
-1.28824517755;1.74987256714;1.0
-1.08684751799;-2.27402160138;1.0
1.297963034;-2.51129293225;-1.0
3.32710101236;0.974762596116;1.0
-0.411072413823;-1.19772580546;1.0
-0.582692310223;-2.17487814658;-1.0
2.03584586919;-1.62844866355;-1.0
1.11120933193;-2.15729306314;-1.0
-3.57718211325;3.22418545861;1.0
-2.301127371;-1.813163184;1.0
1.59580250829;3.41740477184;-1.0
-3.24229148051;-0.47679015585;1.0
0.673834586033;-3.73632399283;-1.0
2.83105661676;-1.47856919541;-1.0
2.22925846348;-2.43981469532;1.0
0.331495317543;-0.0324589777889;1.0
3.75877153682;3.67412844358;-1.0
-0.563296506609;-0.377376146679;-1.0
-1.63403402903;-2.67950248907;1.0
3.99954425465;1.20245669892;-1.0
3.49001459552;-3.80684825668;1.0
0.369743358744;-3.50860228514;-1.0
3.14630421123;0.0236339630244;1.0
-3.25551978257;3.35061651447;1.0
3.92693056148;-2.28888400731;-1.0
1.52696308486;3.07509197354;-1.0
0.808716309227;3.10793497587;1.0
-2.35002956205;-1.24650153785;1.0
3.31525083594;3.13750938041;-1.0
-3.16960306233;0.625703104967;-1.0
-2.36224573437;-1.09127249256;1.0
-2.43555259911;2.33894638647;1.0
3.50917610012;1.29752982209;-1.0
1.64937091026;-0.712931657562;-1.0
3.73502021532;-0.451200559076;-1.0
2.83751103706;3.5659970627;1.0
3.9133913612;0.169812178644;1.0
-1.0443896146;1.2737506857;1.0
3.78962189103;-1.33764355197;1.0
-3.07764945845;-0.694434915548;1.0
-3.01220463332;-2.820277;1.0
-0.935818818701;2.191391531;1.0
2.64521602445;1.12186466483;1.0
3.78325000549;1.42107299694;-1.0
-3.37368932167;2.16140088988;-1.0
1.75720998365;-3.31048118618;1.0
-3.16393338704;-3.65476308061;-1.0
-2.46885288402;2.01691510701;-1.0
1.02128043889;3.83790754285;-1.0
1.58189966599;2.01756258722;1.0
0.7495615092;-3.94614719879;-1.0
2.81301044796;-0.149566676109;1.0
-1.54336076011;-3.5578541454;-1.0
-3.78580272004;0.960676431656;-1.0
1.39922030095;-3.90341228993;1.0
2.35508484995;0.576046739598;-1.0
-3.70283682129;-1.77947096473;-1.0
-1.58967793363;0.112200125757;-1.0
-1.38326106713;1.57303382149;1.0
-2.75876409488;3.92239859692;-1.0
-3.58802263604;2.6266564597;-1.0
0.664281184302;0.807382371764;-1.0
-1.99051109982;-2.54302422419;1.0
-2.44616746493;2.36788245156;1.0
-1.43495962567;2.89265445704;-1.0
3.24765916899;0.211774308653;1.0
3.57028463832;-2.71741562309;-1.0
-2.13198512022;-1.91705150318;1.0
0.0755828505635;-0.818305629594;1.0
1.44819113844;-1.73804680045;1.0
0.253476080027;3.35141168799;1.0
-0.475405049408;0.720093432985;1.0
-0.104168446931;3.86931504464;-1.0
2.09669631024;3.08034555471;1.0
3.97352978962;-0.511440275709;-1.0
1.97368348051;-2.17196799646;-1.0
0.21949075078;0.0461166534444;-1.0
0.21322665021;0.748184635865;-1.0
-0.606977070118;2.50487997741;1.0
-3.57873253217;1.81719264307;1.0
0.0712824319985;0.464779118904;-1.0
-1.23801126198;0.704852949953;-1.0
-1.77050154459;-1.89255262198;-1.0
2.51784998905;2.89009640758;-1.0
1.16450678803;2.54721323158;1.0
3.60312722955;-3.92129926822;1.0
-2.69666897035;3.6121453853;-1.0
3.68225308968;2.91838562772;1.0
-3.86249514541;-2.13798547935;1.0
-0.684740575685;-2.97647519361;-1.0
2.63809378677;-1.23546554844;-1.0
2.02869941148;1.3939438334;1.0
3.09993369306;-1.80878220172;1.0
3.86517178029;1.62230220441;-1.0
3.74462882607;0.297107895507;1.0
-0.273363140771;3.46485544949;-1.0
2.01359301876;0.355553603097;-1.0
0.646279583809;-3.83944858044;-1.0
-0.477263726185;-1.68989080733;1.0
0.179297842082;-2.66347565638;1.0
1.8466001044;2.08201256555;1.0
2.50062959463;-3.77013803594;-1.0
-2.83096531701;-0.99318480278;1.0
3.79948281679;0.00207853938827;1.0
2.75962176841;2.21480697097;-1.0
2.98245409425;-1.11423899989;-1.0
-3.05229422961;-0.908599362761;1.0
-0.432363409749;-2.51345666484;-1.0
1.04879910916;-1.37912653202;1.0
3.37929777206;2.67600841291;1.0
1.84206740745;-2.47149949883;-1.0
2.95912489335;-1.17211109287;-1.0
3.27538232255;-2.36930794394;-1.0
1.7655326369;2.56555147143;1.0
0.630174337324;1.89338605263;1.0
0.597278007994;2.90631702265;-1.0
1.48541572065;1.62787245327;-1.0
-1.61937673187;1.45939961154;1.0
1.66637445049;-0.197961049278;-1.0
-3.97406825243;-1.92079058286;-1.0
0.139356825752;-2.71961093719;1.0
2.57587250379;1.45205154815;1.0
-2.39852025447;3.04955518245;-1.0
-0.974244948671;3.04650447118;-1.0
2.38843415704;1.26013637084;1.0
0.981088349264;0.941311419385;-1.0
-1.70342917305;3.51593689368;1.0
3.94473365059;0.703184598918;1.0
-3.98533220726;-1.9419330121;-1.0
3.10879580864;1.09030312751;-1.0
1.54303660732;-0.522174581159;-1.0
1.72546347731;0.273118958371;1.0
3.72118153498;0.686327938794;1.0
2.70861295123;0.217882557694;-1.0
0.538992157397;1.22177931053;1.0
-2.76236732532;1.25353679966;-1.0
-1.55364394462;-2.73536821532;1.0
3.5491665946;-0.690229545856;-1.0
-0.615560772971;2.83177067595;1.0
-0.286848611299;2.55192441642;1.0
3.87682657676;1.1745639602;-1.0
-1.53616198084;3.33374058003;1.0
0.556435541004;3.54080289419;1.0
1.22124189093;1.67187084874;-1.0
3.14183697427;1.35619604813;-1.0
-3.25480812491;1.76338264838;1.0
-2.33896247778;2.06195787277;1.0
1.35741426795;2.69070669726;1.0
-3.13203432519;-2.84211250607;1.0
-2.55436603272;3.53372521282;-1.0
-2.1920578529;-1.64937859378;1.0
-2.21031921693;-3.94030025696;1.0
-2.92536516245;-3.92542105695;1.0
-1.39692094834;3.77324967219;1.0
-2.79010574104;-2.39689498339;-1.0
-2.41626655054;0.781479012427;1.0
2.12429521928;-2.10060302161;1.0
2.90348230376;1.5507325906;1.0
-0.0835207124659;-2.49206734657;-1.0
-3.80477905169;3.48710474377;1.0
-1.83095951045;-2.7577562051;1.0
-2.12381528343;-2.11310740593;-1.0
-2.56145938182;2.52726743839;1.0
-0.959819370963;-1.9781443536;1.0
-1.64114928812;-3.16667294864;-1.0
3.2428217107;1.70486473625;-1.0
-2.53307766485;3.91322718349;-1.0
-3.15888629899;-3.35138192152;-1.0
3.89289159107;-0.364038892003;-1.0
3.76671095212;3.40145561075;-1.0
-3.11969938296;1.97939553421;1.0
-1.86457996731;0.199372223577;-1.0
-3.06467414461;-0.341841368349;1.0
3.44027906498;-0.78001718227;-1.0
1.92991965415;-3.61760429438;1.0
-0.198996168756;-1.12102430343;1.0
0.00446118238157;2.00537651613;-1.0
-2.69838756866;-2.02774246256;-1.0
2.43911162798;-0.738892465672;1.0
-1.16806610195;1.31039128574;1.0
2.51854488108;0.979572260999;-1.0
0.348571140465;2.94185735708;-1.0
-3.0607092145;2.65431542882;-1.0
-2.24815574207;-3.70766881028;1.0
-3.0895067094;-0.359624948815;1.0
-3.25243947252;-2.69546505733;1.0
0.318439523123;-0.381045978821;1.0
3.23669697972;-0.348748938693;-1.0
1.60267023788;-3.90978366721;1.0
2.62849854226;3.58845009654;1.0
-3.94305398338;-0.735698968685;1.0
3.11168656599;-3.06428181679;1.0
-0.767702348001;-0.965982985217;-1.0
2.45431060909;0.25670263531;-1.0
-3.46123605564;-2.3438816369;1.0
-0.952710842609;1.33439486462;-1.0
1.18057490525;2.93865499157;1.0
1.99577833533;-3.73290007292;1.0
2.83715996434;-3.05991208038;-1.0
2.93542567591;-2.21384563193;1.0
3.02271551341;1.11513250908;-1.0
-0.938546074075;0.397641778931;1.0
-3.67511621477;3.41761013477;1.0
-2.78712159792;2.28774912306;1.0
2.35503230835;-3.78158432612;-1.0
0.998786818952;3.81400753456;-1.0
0.510912506567;-2.73177784098;1.0
-1.55192112171;-3.27169616678;-1.0
0.529731840472;-2.86288989536;1.0
0.864685043768;-2.84745777168;1.0
0.546070295923;-3.46989843307;-1.0
-0.732747752622;3.45857744056;-1.0
-2.90433096114;0.969980239268;-1.0
0.346290265678;-3.83791101211;-1.0
2.9626107298;2.93892045404;-1.0
1.73333129581;2.42375720422;1.0
2.95494205851;0.788209295101;-1.0
-0.0588033095034;-3.15734423042;1.0
-0.482832748722;-0.899059865135;-1.0
2.91054914165;2.84860806265;-1.0
3.71770504279;-1.41500854333;1.0
-1.68264773373;-3.64314754799;-1.0
-2.57343873788;-3.00952905243;-1.0
2.28015466349;0.346775210284;-1.0
-0.752579820982;-2.53279022901;-1.0
-3.82009510201;2.21850551978;-1.0
-2.27996028527;-0.425721055312;-1.0
3.98054417368;1.4409757347;-1.0
1.05930672591;0.0375522098769;1.0
3.75890008128;1.37447882109;-1.0
3.59167425358;-2.69495997074;-1.0
-3.28802688875;-0.487357132256;1.0
1.3647962002;1.33670364292;-1.0
-1.89413052093;2.41377313917;-1.0
-1.86937752013;2.62893187004;-1.0
2.04443807539;-1.30153435713;-1.0
0.338682414696;1.45326313306;1.0
-2.28664104064;0.0759883555702;1.0
1.87779548427;-1.10821456048;1.0
-0.74840391168;3.00456514553;-1.0
-3.96489764372;0.267807757119;-1.0
-1.83060027702;1.44266206116;1.0
2.33863516964;-0.33245706989;1.0
0.0777571382655;0.191338171095;-1.0
-0.428505464428;-3.81164714629;1.0
1.32329161823;-1.32043014747;1.0
2.40533572423;3.12174823873;1.0
-1.57790918306;1.4037310289;1.0
1.4797648005;-2.13078664572;-1.0
-2.41055404213;-0.816136366503;-1.0
3.35560303495;2.59014211962;1.0
-1.97583829003;-4.00682195059;-1.0
-0.101233537144;0.582900429356;1.0
0.489458919349;-2.1839107965;1.0
-3.96083726115;-0.75615550761;1.0
-0.795818273246;-0.291475942985;-1.0
0.841314963042;0.0351088541271;-1.0
0.428449930694;-0.0270920430438;1.0
-3.84521161237;0.489069187494;-1.0
0.65169217932;0.402663800781;-1.0
0.461485642631;0.38776668981;-1.0
-2.77438018089;0.490118880014;1.0
3.56040867948;-2.74604798186;-1.0
-1.25644859663;0.82472030212;-1.0
1.3541254365;3.26199088741;-1.0
2.05893505566;-2.6470058829;1.0
-0.174901138651;-3.36078771366;1.0
-3.31660010967;1.11401843875;1.0
3.82226638404;-2.61617244432;-1.0
1.98574322556;3.24960768403;-1.0
-0.267451085598;2.48947123352;1.0
2.05724676978;-0.566595813089;1.0
3.30885277545;-1.84117933118;1.0
1.11426231022;-0.525833082517;-1.0
2.17723417346;-2.47111134852;1.0
-1.49152875021;-2.46678852657;1.0
-3.14111376281;-2.03229883961;1.0
-1.85741519465;-0.833869025334;1.0
2.5880900828;-1.8774897246;-1.0
-2.73586163573;1.33699722227;-1.0
-1.30930452421;-2.32810192891;1.0
-3.10256503014;2.83038061023;-1.0
2.41782991188;2.52357572409;-1.0
-0.670990690089;0.567062272612;1.0
-0.892522271168;0.67766929655;1.0
2.36010830327;0.598817497152;-1.0
-0.113743970952;3.05649706093;-1.0
0.683231102257;-3.10438890343;-1.0
1.84660991645;0.698681631663;1.0
-1.61018681492;2.75207888221;-1.0
-1.25385510555;-1.24470972948;-1.0
3.82239772454;2.05325987454;1.0
-0.569783658935;-0.934459900314;-1.0
-3.46273394408;-2.86200928368;1.0
1.31706259973;2.8560769667;1.0
2.15461626009;0.426476872943;-1.0
-3.74084109166;-1.45177552303;-1.0
1.0378634369;0.269430837654;1.0
-0.671875078484;0.0315015280477;1.0
-2.63222326613;0.940421010792;1.0
2.54510394971;-0.254022380424;1.0
-0.191191142341;-1.67814498749;1.0
-0.0254795433181;-2.15927644314;-1.0
-0.586458610663;0.501547443345;1.0
3.53889780527;-1.30002541023;1.0
1.39777491054;0.399802777321;1.0
1.79424617928;3.61968274329;-1.0
1.99117895096;-0.332174085089;-1.0
1.20846004934;2.44431248758;1.0
2.3918382795;1.3893540571;1.0
-3.67761472239;-0.667903914512;1.0
-2.41709198881;-3.94659483376;1.0
1.88010141148;3.85770377336;-1.0
-0.4745135878;-1.17189266603;1.0
-0.401387852835;-0.576030265846;-1.0
3.81694768482;-3.96091973007;1.0
0.175871138572;-1.20258543606;-1.0
3.09324739795;-0.444323379172;-1.0
1.32597334171;-3.78306510271;1.0
-3.38324382305;3.82280191333;1.0
2.7082794878;-0.984428246945;1.0
-1.88312375416;1.70540802508;1.0
-3.75937962602;-1.64158026287;-1.0
1.99374193199;-1.73546162287;1.0
-1.55567792789;0.869084996815;-1.0
2.3755338064;-2.33177443797;1.0
-1.30012313254;-0.313650614034;1.0
1.16964851336;1.66534781204;-1.0
2.56278093753;-2.70849138841;1.0
-0.791141931398;-3.22706301055;1.0
0.770822774642;-3.8566710101;-1.0
3.27646013393;-1.63222300307;1.0
-0.92450355656;1.65237353017;-1.0
-3.6116988735;2.51677586581;-1.0
1.77206942291;-0.887308099025;-1.0
2.97354882444;-1.52967758837;-1.0
-0.571923468112;0.627055971516;1.0
1.40015385271;-0.571882188609;-1.0
-3.33695902376;2.17582079819;-1.0
-1.1071744989;0.880989005189;-1.0
-2.3897037222;-0.459957063853;-1.0
-2.29504105089;2.88651057079;1.0
0.285110111987;1.31047749066;1.0
-0.655969822521;-0.871120630539;-1.0
1.03196205078;1.02483816806;-1.0
3.50700114704;-2.44730655529;-1.0
1.044376522;1.9526952544;-1.0
-3.60897736959;-0.979806123658;1.0
-0.120723787664;1.00592776705;1.0
2.98953758414;-3.19179978076;1.0
3.46778410232;-1.14168428764;1.0
0.135124884437;2.16905635149;-1.0
-2.86663099302;-1.1716336733;1.0
2.12851835974;-3.40779027945;-1.0
2.84680052396;0.265276465883;-1.0
0.553327008017;-0.250653737896;1.0
-0.174632217547;0.740623484803;1.0
1.12201190937;2.61302092146;1.0
3.22196379239;-2.18360440355;-1.0
-3.88081308449;0.683795924806;-1.0
1.09841224713;1.69208046042;-1.0
2.39464427885;1.8479706788;1.0
-0.560914917735;1.42709890517;-1.0
-2.29942063971;1.40822628607;-1.0
1.2291237891;2.42874304966;1.0
-1.76053017361;3.36007098527;1.0
0.913070571076;0.186500531046;-1.0
0.334372136751;0.148166168798;-1.0
2.4147869404;2.19666043164;-1.0
-0.521937560372;-3.07539435988;1.0
2.21991592339;2.89900752385;-1.0
-0.892396513703;0.526804317211;1.0
1.75942843659;3.54158693823;-1.0
2.17383778459;-2.00944872783;-1.0
0.136280707919;-0.0947363367277;1.0
-3.96342746807;-3.82422986708;-1.0
0.760015381164;-0.560242159591;1.0
3.06463583682;2.49064223303;1.0
-0.16641607544;-2.01629320939;-1.0
3.00946563781;1.02251069931;-1.0
1.70899957659;1.57575146064;-1.0
-3.10335758546;-2.33139748467;1.0
-2.64743159024;-2.34433464508;-1.0
-2.40565165654;3.88241830028;-1.0
-0.464997625033;2.64911033203;1.0
-1.194625489;-2.04324534995;1.0
-1.39867163191;-1.46968108677;-1.0
0.885955484035;1.49753803246;1.0
0.164478130332;-0.568004959693;1.0
-3.13619012809;-1.55496936183;-1.0
-0.879385417865;0.251172113013;1.0
1.94122940479;-3.20754869194;1.0
3.92184825056;-1.01454265203;1.0
-2.95398862295;3.26180702483;-1.0
-1.47133143017;0.852773701132;-1.0
0.397144858744;0.588043596204;-1.0
3.88916799475;3.05293685929;-1.0
2.74315967238;-0.368558525277;1.0
-3.9684549458;2.18225563077;-1.0
2.59326767523;2.59524215984;-1.0
-3.10378094796;3.86771815352;1.0
-1.20917264749;0.351097686529;-1.0
-2.85563627841;-0.585638891261;-1.0
-1.30869028461;-2.54777155532;1.0
-0.362140831416;-3.95847725058;1.0
0.728737812363;2.74091326214;-1.0
1.77714631839;-0.659690039542;-1.0
1.36505059683;-1.47816487415;1.0
-1.24463172921;-0.0410075793033;1.0
2.71613157062;1.40340204523;1.0
1.78657793054;-2.04535244239;-1.0
2.62750215324;-1.64999526595;-1.0
1.78160954188;-2.72105705463;-1.0
-0.159301312981;2.69166136075;1.0
-3.29767833731;2.7234016132;-1.0
-0.51247943469;0.348049356545;1.0
2.34020847678;-3.89217861359;-1.0
2.66160014385;0.814320171292;-1.0
-2.61569379797;-3.27127631085;1.0
-3.44518319188;1.70393996964;1.0
-3.532527084;-0.511786574541;1.0
0.497661046755;0.607896048012;-1.0
0.376909892859;1.14761535618;1.0
2.37139029193;-2.98480989977;1.0
1.24492137807;2.32704100812;1.0
-0.56837617861;3.18972762285;-1.0
3.13314902815;2.09248974485;1.0
-2.33782790825;-3.317122461;1.0
-0.115018339366;3.24680854257;-1.0
0.301926336768;-2.1810630745;1.0
-3.97915899051;0.991469226539;-1.0
-3.78042845907;-0.857605861672;1.0
3.70466842282;-1.66491655263;1.0
-1.65182861645;-2.28373350943;1.0
3.97917795676;3.29783174587;-1.0
-3.69811641609;-3.1147636601;-1.0
0.91055824326;3.44856804973;1.0
0.385191575869;2.48785484063;-1.0
0.530026757833;-3.97647323523;-1.0
-2.05506551107;-3.73773654497;1.0
-3.05870121739;1.84298199601;1.0
-0.814794440912;0.441045248258;1.0
1.65539228716;2.21739151405;1.0
0.117621103796;-1.61178613949;-1.0
3.74482332207;-2.63396858892;-1.0
1.08603333722;-2.9314052333;-1.0
0.0693773544329;-0.383514550425;1.0
-3.63852457984;2.24843313033;-1.0
-3.07602089644;-1.17174884562;-1.0
0.980054072771;1.89162030245;-1.0
-0.216663698378;-3.41877940178;1.0
-0.00503688554872;-2.59243404193;1.0
-1.72276115936;-3.86905983513;-1.0
-3.75319029922;2.89712542059;-1.0
3.21420893219;-2.37578144774;-1.0
0.761742518306;1.95161822428;1.0
1.97836024376;-2.36938243355;-1.0
1.23866691427;1.64004794534;-1.0
1.06801202098;-3.22025646386;1.0
3.78335385703;0.924112546489;1.0
0.448589195942;-0.855469947068;1.0
-2.15871944367;-2.00321965862;-1.0
1.70884173423;-1.4946977407;1.0
-2.09193720236;-3.37922326925;1.0
-3.43629366126;-3.2325773851;-1.0
3.79054514533;-2.81720884506;-1.0
3.57292351262;-2.52180646092;-1.0
-0.618137019986;-0.524938990599;-1.0
-1.40392397159;3.63253736761;1.0
0.131962971417;-2.7670791214;1.0
-0.673633711288;0.442779946444;1.0
3.64719437211;1.97618109634;-1.0
-0.773729462197;-2.20650373904;-1.0
3.7019447371;-3.93237735682;1.0
-2.67991605394;0.73294344964;1.0
-1.87323668374;2.04547764249;-1.0
-2.19704678622;-0.632117502724;-1.0
-2.29890622328;2.7865343751;1.0
-3.54365680447;-2.80585835666;1.0
-3.77763442416;2.49855735211;-1.0
-1.13038845321;-0.494651287226;1.0
0.533936836734;1.24694969243;1.0
-1.94674291134;1.34309184455;1.0
-0.631243059556;-2.35275751937;-1.0
2.08980093489;0.281228662849;-1.0
-3.87412944115;-0.59979330379;1.0
-3.35585993345;-0.553934127502;1.0
3.02924557151;2.51682767731;1.0
-3.51051184537;0.0164480796983;1.0
2.83461571961;-3.80842664688;-1.0
3.07646012269;-0.680127967651;-1.0
-0.543066840914;3.05589098849;-1.0
1.88495131689;-2.80615185248;-1.0
0.317365082354;0.718519475944;-1.0
-0.408598262699;1.67623268689;-1.0
-3.62020312487;2.61427281774;-1.0
-2.49563680776;3.18114617346;-1.0
-2.48417907168;-3.86921704904;1.0
-3.63067298622;1.63253244131;1.0
-3.22095060532;0.999664222324;1.0
1.58043388397;-2.34973426518;-1.0
-2.86709129556;1.12790717243;-1.0
0.174995530526;-3.41381125098;-1.0
-2.12268936048;0.845789246786;1.0
0.411337419092;0.5616901783;-1.0
3.7012364825;-3.34226655467;1.0
3.00336167783;3.60089031914;1.0
3.82875754381;-1.54353256058;1.0
3.41799342387;3.6536555311;-1.0
-2.95694057076;-3.37327114139;1.0
0.148040048976;3.52458579461;1.0
-1.5560866068;1.41182813825;1.0
1.50317059533;-3.60164716345;1.0
-3.47702853118;0.57582537171;-1.0
0.876491087406;-2.93246536737;1.0
0.0813159057288;-0.655292350059;1.0
2.33829324151;-1.06695480706;-1.0
3.56636469108;-3.15787765126;1.0
2.80394124093;1.56999251731;1.0
2.57914736581;2.69281716766;-1.0
2.43512790724;-3.65949571513;-1.0
-2.68704939299;1.95524456883;-1.0
0.39333608007;-0.227824309619;1.0
-0.730057065395;0.508706729356;1.0
2.92955858903;-0.17350785331;1.0
-0.941277992662;-2.42339673184;-1.0
1.77491728159;3.22016562254;-1.0
2.30030698551;-1.37966350908;-1.0
-0.0645664339089;1.10299696992;-1.0
-0.188392361617;-2.023246169;1.0
-1.33211357447;-0.226414619056;1.0
-0.0702705256567;-1.300636113;1.0
-0.884331798159;2.55535993764;1.0
2.77508969245;-3.59102290372;-1.0
3.57467856593;-0.683943224903;-1.0
-0.0486808867728;2.12913896712;1.0
-1.35031438733;-2.51036787098;1.0
0.69774829479;1.93798160247;1.0
-2.66664736452;-2.51417028371;-1.0
3.70245592606;3.88544588625;-1.0
0.718406375492;-2.78794873564;1.0
3.59450810666;-1.78219877908;1.0
-2.85277464978;2.02341675522;1.0
1.88619160453;-3.99711129186;1.0
-3.70535676781;1.14950299624;1.0
-3.63316381086;0.876995592594;-1.0
3.65931946444;3.17348936171;-1.0
0.863883174192;-1.00645446715;1.0
-1.69775706137;1.78870000721;1.0
1.7180809742;0.119112397037;1.0
3.65104486225;3.34903063582;-1.0
-1.68592529942;3.19510630688;1.0
-3.04900547132;1.07481272422;1.0
1.61498767014;-2.24413082023;-1.0
3.51665984295;2.97461857832;1.0
-1.05106959993;3.27212837929;1.0
-3.00094604368;2.02166778971;-1.0
1.63072388198;-3.7284911639;1.0
-0.905965886096;-0.220222714723;-1.0
-2.95078749634;-1.38067488771;1.0
-3.98886585814;1.49127506701;1.0
-2.17596765031;-1.2870326591;1.0
2.42357467499;2.71842504521;-1.0
-3.0419560203;1.05637307901;1.0
0.365303126306;-1.89384659554;-1.0
0.192770783265;1.45634988645;1.0
2.60655200493;0.0487787005798;-1.0
3.65199593144;2.995004922;-1.0
1.96308777022;2.36909725105;1.0
-2.98264323722;1.45719796717;-1.0
1.4934929827;0.729778079544;1.0
0.480860164015;3.02935411135;1.0
2.32837101887;-1.01779309423;-1.0
-0.435639120691;-3.59702534581;1.0
0.282255883863;2.85195749329;-1.0
3.58478149074;-0.504637563146;-1.0
-3.33457762636;-0.988093412784;1.0
-0.241238752759;2.13397027065;1.0
-3.43498242601;1.36724794331;1.0
0.856930876315;0.998093314776;1.0
2.64197759146;1.18010578387;1.0
-2.19723543638;1.14458290524;-1.0
2.71651845484;-1.00061482528;1.0
-1.71044838497;-1.16300879476;-1.0
-3.10378717477;-1.31162874256;-1.0
2.61877271861;-3.646152284;-1.0
-0.0940238932477;-3.97775312517;1.0
-2.69239764196;1.14775097162;-1.0
-0.887863801356;0.283108795972;1.0
-1.56085085382;-0.0900301011697;1.0
2.81877921764;3.60561673396;1.0
-3.96103813501;3.83082280282;1.0
-0.643631211604;3.84083635306;-1.0
3.03105408264;3.65510944683;-1.0
1.31034749563;-2.37965751828;-1.0
-1.55037303928;0.946850093288;-1.0
-0.317842224783;-1.13131774174;1.0
0.232504688611;-0.591589014169;1.0
-1.91252733621;1.79623455829;1.0
3.31616974338;3.87057302115;-1.0
-1.94351124314;3.75120352389;1.0
1.53529384983;3.73587808617;-1.0
1.94949698092;-2.06642651394;-1.0
3.99744984928;1.2610809993;-1.0
-3.47836076279;-3.60327544526;-1.0
3.41350405493;-2.70847492354;-1.0
2.84501994385;-2.52830048701;1.0
-1.86651196475;2.2402622527;-1.0
2.05336959053;-3.56715806637;-1.0
1.81143480805;1.05266003371;-1.0
-3.41268966652;3.24978442355;1.0
-1.87773444096;3.01802707453;1.0
-1.08421703146;1.79488229348;1.0
-2.81472790426;-3.14145693927;1.0
2.28693980356;0.739693377134;-1.0
-2.25150109373;2.63803449352;1.0
2.9875728197;3.70443950918;-1.0
3.39715119468;-2.24613775474;-1.0
-2.35446469682;-1.06682090618;1.0
-3.63648132205;1.73958395092;1.0
-3.26599740983;0.449626313323;-1.0
-3.46631572557;-1.09341324157;-1.0
0.524542453044;-0.799432943707;1.0
2.28744859893;-0.403172734731;1.0
-1.77059981694;-3.91133807415;-1.0
3.6876305114;-3.07171117092;1.0
2.64727955571;0.038496034092;-1.0
-2.81780193152;2.73208671837;1.0
2.09394724222;1.55558285161;1.0
2.17693325626;-0.0166339496465;-1.0
-2.24655648615;-3.55935101069;1.0
2.01535257296;3.48936238392;1.0
-3.21917031638;-3.55587895685;-1.0
1.74091102439;1.65220532526;-1.0
-3.75432941376;1.84546145188;1.0
3.02096418427;-1.27181091112;1.0
1.01816969325;2.86701861759;1.0
-1.54619432464;1.76230309788;1.0
-0.233788567405;2.39349424754;1.0
1.29285806332;-3.36989563496;1.0
1.31614268088;0.541911008072;1.0
-1.21924662198;-2.59464693599;1.0
-0.64533045836;-3.04214447173;1.0
-1.08550603389;0.135645042372;-1.0
2.14628021644;-3.13039223843;-1.0
-0.0773279114203;-1.91389247661;1.0
2.7604819996;0.153790522356;-1.0
3.17357411104;3.8766387249;-1.0
-0.996202398319;-3.41050689733;1.0
1.30092864049;0.734144163034;1.0
2.61796112064;-2.32001308184;1.0
3.71960850126;1.85505208708;-1.0
1.84091987828;-2.2706498651;-1.0
0.460193923826;1.624944088;1.0
0.120654514223;0.945536309651;-1.0
0.860725789363;3.71106953032;1.0
3.87409470039;-2.62218592233;-1.0
2.30673240954;0.859440079172;-1.0
0.650107994147;-0.273271021562;1.0
-3.48730170436;1.32061894304;1.0
3.36358696915;-1.64359065799;1.0
-0.224469465189;3.13892550081;-1.0
2.45630155709;-3.31885823935;-1.0
-3.42668676153;-0.130021052222;1.0
-2.72065404628;2.07504489742;1.0
2.39354595432;1.98159390535;1.0
-1.73566938279;-1.48957613621;-1.0
0.575253618537;-1.67920219999;-1.0
2.95317810194;-3.96917347595;-1.0
2.68675162268;1.95368010788;1.0
-1.63435902941;-0.227946063358;1.0
-1.75349912146;-0.992081511891;-1.0
0.854657093476;3.14147688462;1.0
-3.27064530376;3.3348728325;1.0
-3.89323019165;2.96824814062;-1.0
3.07354493323;0.324128766152;1.0
1.41123443125;-0.770698798973;-1.0
-1.48232916973;1.66644276253;1.0
-0.572330511432;0.16517158319;1.0
-2.76393216383;-0.185448245788;-1.0
3.84924747845;1.67857944518;-1.0
-1.00785504262;3.96544027825;1.0
-1.96192048998;3.39336744997;1.0
-0.559664602052;1.23450456339;-1.0
2.2015919155;-1.9543973454;-1.0
3.57163578265;3.86191350804;-1.0
2.90355458198;-3.01975309919;-1.0
2.44941667092;2.71493711285;-1.0
-1.20615363999;-2.72810275736;1.0
1.92942159193;-2.62579286915;-1.0
-3.58639615704;1.29991596398;1.0
0.774295166986;3.71553382462;1.0
-3.39444055667;-1.61999838366;-1.0
3.44051585576;-2.27257410688;-1.0
3.28918567835;3.23599289842;-1.0
-2.63982646348;3.60085741462;-1.0
-0.0828923239935;-3.95319256079;1.0
1.28849465262;-0.259763074018;-1.0
-0.298247398993;-2.7573316344;-1.0
-0.137055325981;-0.54386830032;-1.0
-0.193852967239;-1.31406234764;1.0
3.27522463932;1.69728611685;-1.0
-2.9393593566;2.70521544334;1.0
0.567559280717;3.52825522528;1.0
1.54989392245;2.96769657253;1.0
-1.7983013267;-0.799886364526;1.0
0.570846855908;3.01421769236;1.0
-1.77934559909;2.45148257873;-1.0
-1.53986512994;-2.92468883935;1.0
3.25492692166;3.29120230879;-1.0
-1.77471164263;-1.08637178704;-1.0
2.15857746055;-1.88979771031;-1.0
2.11422760908;3.83347314016;1.0
0.147066647632;2.47724460607;-1.0
2.39270772419;-2.73738373214;1.0
-1.58881975038;-3.62737862804;-1.0
0.864665669547;-2.31523786183;1.0
1.54923681617;0.904615795482;1.0
-3.55576950919;0.29021571767;-1.0
-1.1334211849;0.736452302931;-1.0
3.04270018062;3.74847158828;-1.0
-1.69607506459;-3.79229125867;-1.0
-2.95048958771;0.501843155165;1.0
0.0997696743161;1.58711586031;1.0
-1.53251675445;3.53391986606;1.0
-1.70865843704;3.64518809708;1.0
0.867618033731;0.0459769105978;-1.0
-3.71445423713;0.681276507759;-1.0
1.60842114712;3.3414346978;-1.0
-2.47235506834;-2.46721404008;-1.0
1.24581270967;-3.82946666042;1.0
2.5519013098;2.98897670081;-1.0
-0.343276795102;0.802841293278;1.0
1.32239311216;-0.782918318837;-1.0
-1.41839652478;-3.42345054019;-1.0
-0.759096532164;-1.77163071319;1.0
2.41841556874;-0.101393908108;1.0
1.00191060004;2.59977542728;-1.0
-3.63840481488;0.917296551488;-1.0
0.565483049315;-0.520796375388;1.0
-1.73780828354;-0.461603415525;1.0
2.78891930225;-2.71510597964;1.0
3.57353310621;-1.97262372071;1.0
2.70616294159;2.06242000523;-1.0
-1.35560667072;2.73222667711;-1.0
-0.986141550701;1.27174103582;1.0
0.411468846249;1.665120581;1.0
0.604766561267;-0.428279175167;1.0
3.26075869741;-3.92086537504;1.0
-3.56167255822;-2.21986861382;1.0
-2.59656503394;3.71776695971;-1.0
0.113118567606;3.6968685868;1.0
3.86763284485;3.07702984986;-1.0
-2.49280807661;3.19353605864;-1.0
3.62099722103;-2.98270211145;-1.0
-0.108198597881;2.22550741853;1.0
1.30401161263;-3.41176747592;1.0
-0.315296615214;0.942505720356;1.0
-2.24509786592;0.272300059427;1.0
0.419190444034;-3.68846073703;-1.0
-0.266066066207;-2.75421049276;-1.0
-2.70143504749;-0.0366997021146;-1.0
0.741595220398;-3.68893449795;-1.0
2.21486966644;-1.01057767086;1.0
1.30779557663;-2.72947879047;-1.0
-0.923382902913;-2.4844378144;-1.0
1.34680822995;2.13228475698;1.0
3.852830499;-0.801571029341;-1.0
2.535680031;-0.549940522244;1.0
0.480270412368;3.45336853041;1.0
0.723263598226;-3.93850898934;-1.0
0.86966336414;1.43690425137;1.0
-3.27910423316;2.65266441062;-1.0
1.04201547071;-2.34141299926;-1.0
-3.81888530309;-3.80641245161;-1.0
3.32339967286;-3.37239356161;1.0
3.49002220478;-3.17530308313;1.0
3.04099148442;2.82061769622;1.0
3.69826750098;-0.326374056337;-1.0
3.44042385402;0.239907640305;1.0
-0.404015422165;-1.86333937299;1.0
3.78546227615;-1.88288653402;1.0
1.9865338701;3.38732163307;1.0
3.58723259928;-0.937108244353;-1.0
-0.374625152651;-3.65744835774;1.0
-2.81693775775;-0.265255346448;-1.0
3.44111104847;-1.63307157369;1.0
-2.64770042549;1.77921600944;-1.0
-3.68319588321;-3.94065968143;-1.0
-0.768872331511;1.07745666634;-1.0
-2.23002031459;1.27807673303;-1.0
-1.32007381122;-1.07964665658;-1.0
-0.81549188314;0.447622711342;1.0
0.423697654375;-1.42659586855;-1.0
1.52871674518;2.30524447607;1.0
-2.37479869411;1.38766348569;-1.0
-3.18924993193;-1.53099077;-1.0
1.29269868465;-0.174351069215;-1.0
3.83583739488;2.21685410512;1.0
3.44015105471;-0.777729908734;-1.0
0.982660666991;2.46778059694;1.0
2.70724971955;3.84442020563;1.0
-2.16618381385;2.99171811472;1.0
3.00674082076;-3.32957766633;-1.0
1.8469871409;-1.80616238005;1.0
1.02505157847;1.34896172338;-1.0
3.3790570015;3.41484347444;-1.0
1.79042645322;3.86388760764;-1.0
-3.80665049792;0.379856688139;-1.0
-0.534017635893;3.11637998422;-1.0
1.31404071692;0.295481067534;1.0
-0.885870971151;-3.83808759;1.0
-2.04009730145;-3.21462364112;1.0
-2.92989918945;-3.28981222385;1.0
0.917182062535;1.36027038695;1.0
-0.0716840901771;1.91690464651;-1.0
-3.88093371269;-1.12088282584;-1.0
-0.446567242923;-1.04467884295;1.0
3.42839712314;1.36529582289;-1.0
0.815102002968;2.76955450284;-1.0
-1.33126400832;-3.85988568352;-1.0
-1.52702916722;3.38066561874;1.0
-0.566891435004;-0.00155691735137;1.0
-0.975950743506;3.41415670892;-1.0
1.18057432129;1.33423057872;-1.0
1.04206803019;1.51359813599;-1.0
0.143664264289;-3.76429399352;-1.0
-1.01222705501;-2.1514064654;1.0
1.42328314783;1.24373852398;-1.0
1.4829857416;0.567076782522;1.0
-2.38387833041;-2.0795581302;-1.0
2.95693055723;0.802546130985;-1.0
-0.470808523979;3.96095025893;-1.0
-2.01438182111;-3.14555510112;-1.0
2.62835522102;-3.05982250717;-1.0
-0.166475811668;-3.16321698915;1.0
-3.53321468241;-0.609947052348;1.0
-3.01022765837;-1.09859405514;-1.0
-0.443911239721;3.41195825888;-1.0
2.41219926858;2.11662645213;-1.0
2.67640248949;-0.754829974745;1.0
1.47308542857;0.374345961749;1.0
-3.25382431122;-1.08321086736;-1.0
1.42227663434;-0.0759628416152;-1.0
0.79110264223;-1.58896987737;-1.0
3.79883125224;2.19640021449;1.0
-2.83466283886;3.55965116905;-1.0
-1.85656201927;-0.0543795725004;1.0
0.0516673832907;0.621387676389;-1.0
3.09133515785;3.70209148354;-1.0
3.97555559685;-1.32722358643;1.0
-2.79927735188;-3.01661798768;1.0
2.27395427494;0.742303814433;-1.0
1.06762049208;1.21809773598;-1.0
-0.242581621466;1.83470252792;-1.0
3.47344166949;2.4421499919;1.0
-1.11476093947;-1.9938477806;-1.0
-0.346136323509;0.851283679144;1.0
0.427435153339;1.28238310382;1.0
-1.77450963709;2.05256889879;-1.0
-3.05065844852;-1.20947347145;-1.0
3.14026689341;-3.53785032425;1.0
0.104501178736;1.90029705058;1.0
0.710736531055;-2.42652390801;1.0
-2.1194536256;-0.506581924247;-1.0
1.37556817434;-0.870494046825;-1.0
-1.30265770099;-1.00246866132;-1.0
1.68120281199;0.901489220462;1.0
-1.6428213984;0.025597377845;-1.0
2.45197046717;-0.175896731182;1.0
1.4500054622;3.43542299892;-1.0
-2.4748070132;2.86680292546;1.0
0.418913232641;-0.0521835001886;1.0
-1.44643279691;-3.40722432833;-1.0
2.29099865581;-3.04185711537;-1.0
3.9674457747;1.12153321118;-1.0
1.90937949416;1.71823160147;-1.0
2.18384171053;-1.97447713925;1.0
3.15541240622;0.168335420084;1.0
-3.97147575346;-1.42771851484;-1.0
-3.74064898758;-0.666786519913;1.0
2.31964622007;1.40909570762;1.0
0.00844952916857;-2.744224691;1.0
1.90108944246;1.89496026733;-1.0
-2.09948949828;-3.56406554734;1.0
3.92784236907;1.67216982472;-1.0
-3.16013399376;3.50871143399;1.0
0.909397253117;-1.06557346434;-1.0
-2.7900415042;2.98875220539;1.0
-2.85529155958;-3.2257051091;1.0
1.3768947895;0.829252424566;1.0
3.74731066534;1.73732700833;-1.0
-2.41067020892;-2.03364239372;-1.0
3.74427168179;-2.92391603101;-1.0
0.410747970082;-2.18889254467;1.0
0.5929085556;-1.85356946555;-1.0
-0.991526272626;1.29759053022;1.0
-1.58929665029;0.473973990197;-1.0
-1.94692658896;3.02603772421;1.0
-0.518444045232;1.62175208142;-1.0
-2.4573845859;3.14870767644;-1.0
2.14124417276;-2.34792548644;1.0
0.920851546552;-3.81813615287;-1.0
0.277944253422;2.36133280718;-1.0
-0.799530092488;-1.29614294049;1.0
-1.02286809563;1.15302574595;1.0
-1.55012848854;3.6905607869;1.0
2.05328399184;1.74943838302;1.0
-0.852902086326;-2.62489629158;-1.0
3.51367270706;-1.63588711003;1.0
2.50169628525;3.19599264679;1.0
0.859480052343;2.99626436809;-1.0
-3.29504062628;2.63818550517;-1.0
1.48799283844;-0.775265056327;-1.0
2.54672963153;-2.69640539598;1.0
-3.90605637091;-2.5477237179;1.0
2.70270040953;-2.74541122127;1.0
0.930630827223;-3.49225391175;-1.0
-3.12476290356;-1.94164729299;-1.0
0.912208273622;0.590470181069;-1.0
2.73421829662;0.967760050848;-1.0
1.52348947802;3.77027805495;-1.0
2.49995172419;-0.511688118737;1.0
2.59795102902;-3.18492432271;-1.0
1.1994850513;-3.95357292505;1.0
2.29256794472;2.7170752168;-1.0
1.70852427529;1.60244907453;-1.0
-2.18811126443;-1.01168524456;-1.0
-0.853364666217;3.96730321359;-1.0
-2.33797533356;1.45086003626;-1.0
-3.86127678035;-0.963264309747;1.0
-1.98115496553;-2.57884669394;1.0
-1.97550820589;3.62242571699;1.0
-2.75764516789;3.11893344515;-1.0
2.15724088367;1.08863953864;1.0
-0.922491536292;-1.93382942614;1.0
0.405790941765;3.32746321384;1.0
1.22069440448;0.390702524276;1.0
-0.459287193365;2.7404475224;1.0
3.81684999775;-0.051211011894;-1.0
1.37118764756;2.77253771789;1.0
3.74438006775;2.04096755543;1.0
-3.47351917336;-0.949706738882;1.0
-2.79860872978;0.456673675045;1.0
3.75510022844;0.192307121127;1.0
2.88579739122;0.00858087812449;-1.0
1.44596402292;-0.397161335782;-1.0
2.93815663433;3.19760708919;1.0
-1.24824558029;0.853321560294;-1.0
-0.915228125746;-2.35243290278;-1.0
-3.12142767342;3.29953364604;1.0
-1.28256669039;-2.93452655711;1.0
3.42686374259;2.97565440766;1.0
-0.205560454503;-2.19338324418;-1.0
-0.917838388639;-2.24225190584;-1.0
-3.39880997227;2.09098737296;-1.0
1.94431716075;-1.17570789096;1.0
1.17950767539;1.34083528102;-1.0
1.6370020933;3.84919158527;-1.0
1.76780924659;-3.92022376522;1.0
2.07818598701;-1.57207488834;-1.0
-2.74589473202;-3.66828758027;1.0
-0.162025663942;0.64471339261;1.0
1.67831103471;-2.93569056254;-1.0
-0.354195129471;0.594152861999;1.0
2.58671039104;1.44054386158;1.0
-1.90268614999;-1.53832024207;-1.0
-2.3471342618;-2.95295021964;-1.0
-1.75098320842;0.576420431523;-1.0
-1.55732615665;-1.66384516116;-1.0
2.53481894662;1.28749465266;1.0
-3.85458004135;-1.34374561486;-1.0
-0.764608546389;-1.2957751736;1.0
-0.432117183895;-1.98004490796;1.0
-3.94232357127;-1.96111068074;-1.0
-1.94847025042;-1.50368561029;-1.0
3.61921803518;-2.2991546677;-1.0
0.0641860493739;-0.718036080404;1.0
2.80898236871;-0.828413177445;1.0
-0.936929333007;2.59784944441;1.0
1.89060096047;3.97680492848;-1.0
-3.16150332;-2.01470439645;1.0
2.09026265807;-3.21499829863;-1.0
-0.976683165247;2.08683018011;1.0
-1.59343401043;3.16496358797;1.0
-2.88244930395;-0.0388013268951;-1.0
3.28614236729;2.02521461631;1.0
-0.763055875688;2.37278223258;1.0
-0.116333710584;-2.12687514531;-1.0
3.854498845;-0.924510347721;-1.0
-0.054843013349;0.231792628749;1.0
0.352072273316;0.0489158646957;-1.0
0.919413390518;-0.324142248259;1.0
-3.018722512;-1.8240655535;-1.0
-1.66277153372;-1.34597005912;-1.0
-2.16072976453;-3.48990382273;1.0
-2.75643308862;-2.74777157862;-1.0
-3.41627488841;-1.68453392078;-1.0
-0.280604627116;2.50802140208;1.0
-0.715364812667;-0.935642316089;-1.0
0.496481396909;0.655841000535;-1.0
1.74119313417;2.86241070584;1.0
2.93270011082;2.80228533068;-1.0
0.585128527933;3.1865548951;1.0
-2.93400483032;-0.320604762256;-1.0
-1.24000884998;-2.87899632693;1.0
-1.62349748818;-3.54541873018;-1.0
-2.74940245828;1.84684507635;-1.0
-1.33670408584;-0.251360567183;1.0
2.95073000782;-3.8344141344;-1.0
3.9990019282;-2.63153226414;-1.0
0.291230816311;-0.859259487145;1.0
-3.35148850396;-0.00116013985164;1.0
-2.87453940445;-1.45172761864;1.0
-3.82013762935;-1.76789294464;-1.0
-2.9319660046;-2.44655134576;-1.0
-0.406599554794;-3.53410420844;1.0
-1.0702893342;-2.92832168865;1.0
0.217890479031;-2.11010426555;1.0
1.80187629049;-0.624734258232;-1.0
-2.61734163241;1.70532390172;-1.0
0.290223752186;-1.10623265354;-1.0
3.21584142294;-3.02626702083;1.0
-0.785218967422;3.75888672012;-1.0
3.2527621119;3.70094482465;-1.0
-2.45074511999;-2.41761526509;-1.0
-1.1760795029;3.89621456471;1.0
3.67738152684;3.06373376351;-1.0
0.539568963106;-1.73793465912;-1.0
3.93279513768;-1.14697849289;1.0
3.88226943061;1.07297924987;-1.0
3.08266066132;2.14084611028;1.0
-2.61406991942;-3.31678593456;1.0
0.99438654947;3.89633193624;-1.0
2.91266425543;-3.90008588437;-1.0
1.00071575397;-0.464361692992;1.0
0.954133544621;2.41642443434;-1.0
-3.46352041436;-2.08614482405;1.0
-2.88307485522;0.0557584885479;1.0
-2.81943380736;1.32349926212;-1.0
-1.61489706689;-0.651001546224;1.0
2.0777218701;-2.44758695128;1.0
3.52814935609;-1.80005439185;1.0
-3.66675049883;3.95093369839;1.0
0.135713759243;1.99112505078;1.0
3.37445325305;-2.13056286121;-1.0
-3.4382971387;0.412609182694;-1.0
2.39142703082;0.857507557666;-1.0
-0.695124466492;-1.88614890341;1.0
-3.24778598334;-2.2839317721;1.0
-1.18324964567;-0.239229188748;1.0
1.33177604189;0.783175395595;1.0
-2.01911095112;0.0119880339344;1.0
-3.44803710325;-3.0185498317;-1.0
2.5768030561;-2.89897390233;1.0
3.46475782299;2.13519184274;1.0
1.72896828526;-3.32466074624;1.0
-0.951059160037;-2.23396166432;-1.0
-2.8566418339;-1.91205113823;1.0
3.10797672232;0.809442994834;1.0
3.27650804653;0.32632003943;1.0
0.896040073732;-3.32959642643;-1.0
2.67741411373;-3.28958870164;-1.0
3.23764101402;-3.32771940096;1.0
1.23840470078;3.31956456101;-1.0
2.17587737668;3.78043086808;1.0
-3.03062470978;0.105407438556;-1.0
-0.292124844585;0.444513793869;1.0
3.06366179567;1.5322945245;-1.0
-3.47703881439;3.74288766704;1.0
-1.28765244265;-0.219993076806;1.0
-2.59166717132;-3.31496145867;1.0
-0.306122618773;1.88944122464;-1.0
-0.0693076898232;3.00005311253;-1.0
1.62160709099;-3.62655570962;1.0
-2.44353585887;-0.7212405283;-1.0
3.36060395186;-1.60864584784;1.0
2.13975969792;-3.20568042661;-1.0
-0.0684815881447;1.04246480067;-1.0
-3.19302233386;-2.02098039023;1.0
1.54248000434;-1.6936910063;1.0
3.59068367279;0.624996076639;1.0
-2.25975300768;0.288871859191;1.0
-2.24080751924;-0.107232489797;-1.0
-0.563755713;-3.33387211357;1.0
-1.23174896794;1.45914567996;1.0
2.07474104871;1.66250902493;1.0
-2.53680290928;-0.875738832472;-1.0
-0.749412534061;-0.258101392849;-1.0
-1.03488236138;2.30255260721;-1.0
2.50492349095;-1.25737627708;-1.0
1.77746475611;-2.66241187851;-1.0
1.94531583454;-3.72316332363;1.0
2.18585553722;-3.48110736387;-1.0
-0.839204028544;2.84795428447;1.0
-0.318706012748;-0.854134946348;-1.0
-2.03517044346;0.0232267439541;1.0
-3.56918355827;-1.54504828407;-1.0
0.0506597263479;3.08236415032;1.0
3.20636371705;-1.16456142084;1.0
-0.425978033831;-3.23469208081;1.0
-2.86305957545;-1.30872937879;1.0
2.35028065946;1.15830371531;1.0
-3.71774567061;-3.75545045975;-1.0
-3.69441136546;-0.977260781449;1.0
-2.67344200688;3.78896464925;-1.0
-3.64484889499;0.876131323351;-1.0
-2.14697280493;-1.75891671268;1.0
-2.08763993091;-0.939844843744;-1.0
-0.381522389627;-1.52349843363;1.0
-0.668472211421;-0.203573942286;-1.0
2.85007522166;-1.70222170408;-1.0
3.35043776564;-0.743277529861;-1.0
2.50964276028;1.86579539731;1.0
2.55033164295;2.38035240002;-1.0
-3.31502455742;2.93779779391;-1.0
3.19220435055;-1.37109695567;1.0
2.69674872985;1.09620449162;1.0
-3.30035722722;-0.130272205132;1.0
-2.09949790677;1.26422748627;-1.0
3.17916938657;2.55195184945;1.0
0.685380119104;2.64364671305;-1.0
-0.335145186973;0.203917758884;1.0
-0.106845319607;2.56536454371;1.0
-2.50526759133;-3.4923576881;1.0
-2.73935260478;-0.13510746912;-1.0
1.72543454814;-2.60223488228;-1.0
3.58130174294;-0.0635079815709;-1.0
-2.5355576951;-1.05770057922;1.0
-2.9517049312;-2.53243420048;-1.0
-3.10955667354;1.58792884397;1.0
1.63981592412;-1.53825216941;1.0
-3.24528324569;2.08247171836;-1.0
2.57959015271;0.403739019752;-1.0
3.66683337686;1.32771622415;-1.0
3.91777333904;2.74846641242;1.0
-0.326343749799;-3.1377806359;1.0
-1.76554174631;-3.99751877652;-1.0
2.35291792203;-1.05378422406;-1.0
3.19411730317;-1.4650265685;1.0
-3.16754134252;-1.32992938938;-1.0
0.199371843282;-2.65963439294;1.0
3.68267201719;0.594335264424;1.0
3.96925349122;-2.78318464002;-1.0
-2.01462775726;-2.37520386331;1.0
1.64727441333;-0.836581474665;-1.0
-2.92903768022;2.15713293491;1.0
-1.20693764539;-1.41439903291;-1.0
0.882292212211;3.81816536288;1.0
2.72919294636;1.62642484791;1.0
1.06277570374;-3.57010932484;1.0
-2.53242438678;-3.65721281764;1.0
-3.19692732915;-3.9549885395;-1.0
-1.35226266236;1.68008422459;1.0
-2.38615613547;-1.13264793258;1.0
1.56011768593;2.06624285953;1.0
0.910343798289;3.61980114315;1.0
1.4476484923;2.96094940379;1.0
-3.0791824327;1.93849380176;1.0
-1.21460167941;2.79620277152;-1.0
-3.09189794627;1.93114885712;1.0
-0.46084990727;-0.862269035707;-1.0
1.59102047548;-3.15343099976;1.0
-3.07078681924;-0.336257890929;1.0
1.68697637923;-1.31188162261;1.0
1.04538627188;2.23235398439;1.0
0.143721542168;0.775702845412;-1.0
-3.12347292926;-2.05075249458;1.0
-2.21982432641;-1.96869245686;1.0
1.95036439146;-0.723337262963;-1.0
-2.18551035982;-1.64816766556;1.0
0.439940413167;-4.00189323787;-1.0
2.92199590243;0.212899276061;-1.0
-3.21176086214;1.02464660783;1.0
-2.96957336706;-0.535301695658;-1.0
-0.939933465947;0.35485097294;1.0
-2.75679572446;-2.56792933768;-1.0
-2.02447286446;2.795263253;1.0
-1.16778077755;-0.875084467621;1.0
-2.44820398122;-2.11956822125;-1.0
1.55730594467;-1.26758982334;1.0
3.16208674297;2.95435676818;1.0
3.93928785767;1.25358779916;-1.0
2.90190119993;-3.88158978421;-1.0
-3.74523548164;1.23494416984;1.0
-2.8430188654;1.14366313103;-1.0
3.13479770403;-3.19549136771;1.0
0.857741487115;-2.54104899147;1.0
3.20353300605;1.71659491829;-1.0
-1.9097620171;2.12556594275;-1.0
-0.982260692382;2.78812927924;1.0
-2.28363265901;-3.66673993984;1.0
1.48469739757;3.27369861403;-1.0
-2.50727542841;-3.8822399568;1.0
1.12693430999;3.85184725458;-1.0
-3.10474773915;-0.981524328152;-1.0
-3.50335160547;-0.499187733875;1.0
-2.1299529119;0.762919030498;1.0
3.82929563614;2.16370781924;1.0
-3.45083426041;0.421488770274;-1.0
1.39105533334;0.380254755235;1.0
2.7668496383;0.326586374218;-1.0
-0.952098502378;1.20451713122;-1.0
-1.25260826601;1.70675858863;1.0
2.55764159209;3.9184434545;1.0
-1.67213703713;3.19884425248;1.0
-1.53334535553;3.71368960014;1.0
-1.84817310167;0.623035470352;-1.0
2.95145055165;-3.60091106634;-1.0
3.47128376847;-3.54981502296;1.0
2.09003071015;-2.11766366345;1.0
3.55179137701;0.792139564175;1.0
-2.25929420654;3.72031176764;-1.0
-1.05770551473;3.6301660225;1.0
-2.17350426063;-3.16516568913;1.0
-3.49560489611;3.28245520768;1.0
-2.85683093659;-2.51574908723;-1.0
-0.810379395066;-3.9694514237;1.0
2.81397992229;1.69735023175;1.0
-0.748343011559;1.7517130956;-1.0
-3.1183319739;0.285138918443;-1.0
-3.57039537982;0.510968992949;-1.0
-1.15687143131;-3.42305552584;-1.0
3.73265999005;2.39668014826;1.0
-3.49208686821;3.29697818388;1.0
-0.172261737012;-3.0530541133;1.0
1.570093945;0.213576936564;1.0
3.6788510527;0.730162447638;1.0
2.75155951371;-0.743140259595;1.0
-3.26517860637;-3.90626982564;-1.0
0.385214298678;0.194085589918;-1.0
-1.59130692439;-1.01805150228;-1.0
-2.51204058224;-2.00838289092;-1.0
3.84320366546;0.707523674541;1.0
2.19229214262;1.38771735893;1.0
0.00399845201635;-2.53728868477;1.0
1.20794112267;-0.189155054144;-1.0
1.0001922484;-3.76212909441;1.0
-2.01113977772;0.985263284686;1.0
-1.7431083542;2.96652196753;-1.0
-0.244132696357;1.95540826264;-1.0
-2.0493192983;1.85105010893;-1.0
-0.432744263738;-0.78440240271;-1.0
2.00346343883;1.33707814282;1.0
3.13223878529;-3.39763274689;1.0
-0.757395959824;3.60728017819;-1.0
-1.3010540672;3.22726655635;1.0
0.50338793306;-3.40465385168;-1.0
-3.34347008163;3.0449613629;1.0
-3.59610982836;-2.55928385724;1.0
-1.81367804059;-1.35563272493;-1.0
-3.58339933018;2.01930738624;-1.0
1.77991247084;-3.41884639143;1.0
-3.85233716437;3.21779611188;1.0
3.75165342286;-3.4755253318;1.0
0.796184326779;2.34577281416;-1.0
0.552370038414;-2.63633256483;1.0
-1.81822220071;-2.66923686545;1.0
0.49441388552;-2.24090736201;1.0
-0.453552606555;3.86150447992;-1.0
-0.553658539361;-0.783573141788;-1.0
0.164926539547;-3.64944243855;-1.0
0.714145580088;0.90472433764;-1.0
-3.79434881098;3.91926259658;1.0
-1.73654413255;1.252797792;1.0
-3.93820026567;-1.87686819224;-1.0
3.55852608652;-0.761674786465;-1.0
-0.581461646537;-2.44048260207;-1.0
1.7618515575;3.33920339276;-1.0
1.25809487299;-0.353930605086;-1.0
1.99991658635;3.301622809;1.0
-3.26932591337;2.4233111497;-1.0
0.417614875121;0.615067563162;-1.0
-2.83972052198;-1.64751076578;1.0
-0.561875248978;1.80708956346;-1.0
-0.334425455424;-0.946600415493;-1.0
3.41567490708;3.3998513873;-1.0
2.61350913454;-1.90300631702;-1.0
-3.20448485309;-2.05628966396;1.0
-1.13304933981;0.994494890531;1.0
3.27103933045;0.776705458675;1.0
3.42046578019;0.932279997711;1.0
2.76795631141;1.82171268059;1.0
1.03544356687;-0.886763961088;-1.0
1.8054661962;0.724288368531;1.0
-1.42460046792;-3.71011966618;-1.0
-3.2036027087;3.38885280192;1.0
1.39222486823;-0.799432048399;-1.0
2.19607561319;-0.627001190726;1.0
-0.586837308568;2.11231699059;1.0
-3.53807546679;3.49847130888;1.0
1.15058036372;-2.9789643748;-1.0
3.83338684209;-2.92251067141;-1.0
0.478067822933;3.20110429459;1.0
1.89079023083;3.18828460788;-1.0
-1.39655481891;-0.621139123142;1.0
1.31360935283;2.80909714581;1.0
-2.90051104768;2.94331818134;1.0
1.06253631311;-3.77538434323;-1.0
-0.251812772564;-0.347668740279;-1.0
1.45268205554;2.83838100247;1.0
3.42371805491;-0.820077022592;-1.0
-0.857299378425;-2.22788763664;-1.0
2.83215058972;-1.34937178653;-1.0
-0.342456372672;-1.92198102479;1.0
1.74063256619;0.0100294947554;-1.0
1.36531523617;-3.63519641021;1.0
-0.393087089571;3.47454845628;-1.0
-3.1339900695;0.333269044314;-1.0
-2.22839775783;-0.669821236087;-1.0
-1.27996125654;1.03504420686;1.0
-2.35873428121;-0.867661730234;-1.0
3.84257655577;-2.35139586121;-1.0
-1.31494755406;-2.8738983332;1.0
-1.36302242603;2.36847189068;-1.0
-0.629152394482;-0.447783518503;-1.0
2.3961545343;-2.03960331328;1.0
-0.985087860869;-0.0453208608766;-1.0
2.62827678608;3.27774831331;1.0
-2.72370386636;-3.09711609713;1.0
-3.97131360093;3.22474083522;1.0
-3.79206440436;-0.353282356414;1.0
1.37845315414;2.97746568643;1.0
-2.84655199265;-0.0779077797544;-1.0
2.78969111549;-1.99055210637;1.0
-3.3844532998;3.90942293486;1.0
-3.80292570098;-1.05270760728;-1.0
2.31750022034;-0.84262482283;1.0
1.9275626128;-1.31827257342;1.0
0.052366997924;0.352013336286;-1.0
-1.14738995953;1.19210287368;1.0
-2.66394891977;-2.43239285421;-1.0
2.99307861571;-1.81042487611;-1.0
-1.4707855963;-0.0283809382051;1.0
-0.576802528063;-2.1459433371;-1.0
-2.33529869041;-2.39540540509;-1.0
0.108942114442;-0.73970489471;1.0
0.943204252557;-0.21937016684;1.0
-3.88159492955;0.724755464617;-1.0
2.75727540732;0.604501206901;-1.0
-1.16119224193;-3.95754573212;-1.0
2.79810619668;1.64465916071;1.0
1.62315482343;1.75276271816;-1.0
-1.79370713336;1.67288170867;1.0
-3.5968001969;-2.88332260692;1.0
2.05840798896;-0.418185098416;1.0
3.21065096675;-2.30817901547;-1.0
-2.90800446564;-3.11068139106;1.0
2.29975404972;-2.78540780954;1.0
1.22162282235;2.61568793149;1.0
0.950417088765;-1.41100766009;-1.0
-0.392563658532;2.38366452426;1.0
-3.36711106338;-3.84060283188;-1.0
3.59340273406;-2.5593247009;-1.0
1.04932738386;0.498010950968;1.0
-1.12993225154;-1.94483656474;-1.0
-3.12213853014;2.54519990531;-1.0
2.85245889125;-3.66483463766;-1.0
-2.62955934959;-3.15702459589;1.0
-1.21992244909;3.80679884825;1.0
1.19636445943;-2.21357873171;-1.0
-1.42775397308;0.2447587666;-1.0
-2.1587022897;3.09332012228;-1.0
3.17447708733;2.1045237788;1.0
-1.08465767493;3.79909927653;1.0
1.09774605268;2.49831609607;1.0
-2.45288941075;-1.82575518607;1.0
0.0411468048902;2.02337299754;-1.0
2.9734472598;3.20011210392;1.0
-2.10847708773;-0.631761330662;-1.0
2.68265212413;-3.0046924152;1.0
-0.756989476962;-3.65239281263;1.0
3.96121673672;2.21049795733;1.0
-0.163320165298;-0.688302895504;-1.0
-1.03323085303;-2.45724525439;1.0
1.71278955093;-0.426731891175;-1.0
-3.61773446663;-3.31708333975;-1.0
-1.69715014417;-3.99000420549;-1.0
1.87990552007;-3.57217512777;1.0
-2.48089465306;1.3217901359;-1.0
-2.98395085628;-3.52933430976;1.0
-0.532830240418;3.92776496326;-1.0
3.8882856129;-3.49889324918;1.0
-1.3615262629;-2.82145590097;1.0
2.93402730371;1.00812350223;1.0
-1.79989184861;-0.0286826437098;-1.0
-1.40183503744;-2.89035199652;1.0
-3.21471644036;-1.91035017388;-1.0
1.74474895448;0.951325012581;1.0
-3.47284144729;1.17109863389;1.0
1.56969863385;3.23765660799;-1.0
-2.2728223521;-2.41249744018;-1.0
1.83630997639;1.06105929904;-1.0
-2.56910967073;-0.895804215944;-1.0
1.538022003;0.259472938959;1.0
0.102682703849;-1.33911787361;-1.0
-3.61447654975;3.59632806576;1.0
-3.76142731331;-1.90971179681;-1.0
-3.41400176627;3.31256966655;1.0
0.926786084863;2.0295875487;-1.0
0.228366990254;-1.97921578035;-1.0
-2.0412410898;1.59398139953;-1.0
0.0834298202011;1.10157190655;1.0
-3.70393521636;-2.62225638433;1.0
0.99816509259;-0.421066072911;-1.0
2.81327013335;-1.70109265083;-1.0
1.47263544844;2.01184573014;1.0
1.30903801933;3.50140904262;-1.0
1.70593095595;-2.68765424993;-1.0
0.182265630823;-0.549656470602;1.0
-2.61316829304;3.10854865253;-1.0
-1.28458734567;-2.09316036055;1.0
-2.62310958563;1.71313643421;-1.0
0.066421121722;0.855134133748;-1.0
1.19521320489;2.18548653204;1.0
-2.12205463589;1.11258295603;-1.0
-0.539812240355;3.60831534821;-1.0
-3.0073680696;3.22004082381;1.0
-3.01058016843;2.60306483619;-1.0
1.11001163536;-2.84865584917;-1.0
-2.08635645112;-1.70040500938;1.0
-3.53779425563;2.23522335499;-1.0
-3.82422412507;-0.851864444313;1.0
-3.8748158715;-2.93590979977;1.0
-0.542898536571;-3.97372675004;1.0
-3.47213698686;-0.617925225595;1.0
3.0284399833;2.38419326009;1.0
-3.60172372595;-2.69470409529;1.0
2.1864693259;3.04270837689;1.0
-2.09420186454;0.855899236795;1.0
-2.04700786477;0.40847920081;1.0
-0.405921390647;3.3993945974;-1.0
-2.64940717906;-3.35190583596;1.0
-0.890593509863;2.60605410495;1.0
2.54413919642;-0.9898845015;1.0
-0.168725896917;-3.73623930092;1.0
1.2623382478;-1.19961694753;1.0
1.32698250352;-1.92966923847;1.0
-1.04308973749;1.51785638;1.0
3.52925148606;3.69301520288;-1.0
-3.42285529527;1.92255713988;1.0
-3.75538783153;-2.73006967084;1.0
2.53301561192;1.47126165758;1.0
-3.90828905751;1.54041994976;1.0
2.84199283079;1.38847651829;1.0
-0.432821187496;-3.94933377003;1.0
-0.848392999272;-0.382156869856;-1.0
3.57566540471;-2.30238226245;-1.0
-0.941129550818;-0.291444340376;-1.0
-1.69573333237;3.98431699541;1.0
-3.1074684391;-2.13686046474;1.0
1.14197748019;-0.978022238705;-1.0
-1.10574005385;-2.99408559996;1.0
-3.26272240916;-0.434038912285;1.0
0.363878090477;2.75981930829;-1.0
2.28518279108;3.9659404094;1.0
-0.892101321306;-0.32661741202;-1.0
3.26747355243;0.357635602194;1.0
-2.89730002379;3.46970311781;-1.0
0.957430692968;1.30283881875;1.0
-3.65755820284;3.28080731027;1.0
2.26822279746;2.55697862259;-1.0
2.59595849288;3.43414624748;1.0
0.831803475675;2.69760008184;-1.0
-2.0566637259;3.44223444282;-1.0
1.04545341148;-1.25544716553;1.0
3.30018839462;-2.22803057332;-1.0
0.931502365757;1.59998986711;1.0
-2.0109015388;2.40445392801;1.0
1.02537517164;3.25000819455;-1.0
0.303138140779;3.97388193774;1.0
-2.40898257087;-2.94408598105;-1.0
1.07712724465;-0.171245517911;-1.0
-0.0757166935867;-1.13964171412;1.0
1.33119502269;-3.79201138763;1.0
0.488402639889;0.853197042374;-1.0
3.54145287854;-1.1687963941;1.0
-0.422054316188;-1.78286915315;1.0
3.10525709564;3.53261650877;-1.0
-0.745138206337;-0.335631180945;-1.0
-0.829472307106;3.3022041341;-1.0
-3.58217320852;-1.55943028146;-1.0
-3.27785638232;2.13345005492;-1.0
1.18446751379;-3.21082657456;1.0
3.18943470964;-3.25362598916;1.0
3.98435794851;1.02949987206;-1.0
-2.47902186213;3.02100892046;1.0
2.04022936569;3.32540450436;1.0
-0.691256778853;3.11674382564;-1.0
0.635386663631;-1.31912550682;-1.0
-0.487475529708;1.49218626764;-1.0
-1.1441094928;1.28837681034;1.0
-0.612000527343;0.551834116711;1.0
-3.90595745896;1.05811058394;1.0
3.5629485232;-3.47438149874;1.0
-2.1714848955;2.92273719744;1.0
3.39409091018;-2.45373749888;-1.0
-1.51878095662;3.7369062375;1.0
-2.46778166801;2.98646270633;1.0
-0.623223960227;1.06595198667;-1.0
0.15087758005;3.79675975634;1.0
3.86808520236;0.0820970869271;1.0
-2.02024936948;-3.69784157112;-1.0
0.236046358064;-1.82583752093;-1.0
3.11336247715;1.66203505502;-1.0
0.650450887427;-1.13339217278;-1.0
1.46512411012;-1.13183876056;1.0
1.66005175962;-2.13339766229;-1.0
2.48185863561;-2.04068287798;1.0
3.35669395158;-1.11116963962;1.0
1.23825910098;-2.88980025795;-1.0
-3.89049020944;-0.924515318992;1.0
-3.5317619426;-2.04828511182;1.0
-3.97811390095;-2.05465163517;1.0
1.3591017086;-1.60294402264;1.0
-2.15635794668;1.76377097882;-1.0
-3.95724415835;-2.52121070716;1.0
3.87802191108;3.35123400601;-1.0
-3.11229226674;2.1318604174;-1.0
1.15868874527;1.74795556144;-1.0
0.673558959458;2.8174619584;-1.0
1.84544808832;-0.440382449367;-1.0
0.630301549448;-0.242461403538;1.0
1.71903374324;-1.76717918154;1.0
1.22417275833;-3.02536961284;1.0
1.22769398941;3.73670040703;-1.0
1.08830023799;-0.742825936717;-1.0
-0.55437275076;1.78803200346;-1.0
0.532726162799;-3.83822480211;-1.0
1.19847320114;1.09277402694;-1.0
-1.91847813475;-3.13892917626;-1.0
1.01284436964;3.95137004214;-1.0
-1.25216771079;1.72006687327;1.0
-3.30479090783;3.81684504179;1.0
-3.01176976464;-3.18244821991;1.0
3.41508267406;1.55857964716;-1.0
0.58159606693;1.06187897638;1.0
-0.645526672537;1.56071224224;-1.0
-1.95573988657;-1.51740659381;-1.0
-1.67401688661;-0.919728017597;1.0
-0.336012268209;0.906746472044;1.0
1.52023470425;-2.99027549782;-1.0
-0.0589468445042;0.327035476852;1.0
2.06717544917;1.10118692749;1.0
-0.650066987254;-0.563641866816;-1.0
-0.228136200567;-3.94069154915;1.0
2.99818835173;-2.86699760409;1.0
-0.856483788105;-1.18645675843;1.0
-1.18579711331;3.15908479523;1.0
3.06558830634;2.58588944052;1.0
1.04383763066;3.37993454337;-1.0
2.31508735225;-0.200559544175;1.0
-3.95966261495;3.03154712846;1.0
-3.04303842324;1.51804523431;1.0
1.2702491247;3.90349229471;-1.0
0.806344394287;-3.52159355115;-1.0
3.81918135608;-2.79181438998;-1.0
1.15820245042;0.403069305127;1.0
2.94205297497;2.02323325092;-1.0
3.58375138657;3.07547436587;-1.0
-0.585268676028;-1.10235768554;1.0
1.83592883209;-0.28067564848;-1.0
1.54892221072;3.46175667989;-1.0
3.99841066637;-1.16418995108;1.0
3.1883279758;-0.0674925853651;-1.0
2.65878038326;-0.326855609135;1.0
-0.907442428341;-0.245546057287;-1.0
1.77533571608;3.49999051462;-1.0
-1.37789345804;2.248289462;-1.0
3.687955909;3.70840962198;-1.0
2.63708941413;-1.88514352004;-1.0
1.58891095559;-3.77710988539;1.0
1.9659946327;-2.89825064694;1.0
3.37244458977;-3.08806447781;1.0
1.66784134222;-1.22395537154;1.0
-2.76005677626;-1.25594232988;1.0
-2.13326114531;-2.65773792286;-1.0
0.461313659338;-0.222565361846;1.0
1.93727391187;-2.57717740168;-1.0
1.3161206054;3.64134263872;-1.0
-2.73313978066;0.0521713699552;1.0
2.44487925578;3.58289345812;1.0
2.57798944236;1.23696460214;1.0
-0.228531225479;1.56210322766;-1.0
-0.607078026881;3.91447087279;-1.0
1.82474134092;3.04005862684;-1.0
-2.35438538491;-3.35272016161;1.0
